{"cameraMode":{"drawMode":0,"name":"Shaded","section":"Shading Mode"},"sceneLighting":true,"audioPlay":false,"sceneViewState":{"showFog":true,"showMaterialUpdate":false,"showSkybox":true,"showFlares":true,"showImageEffects":true,"showParticleSystems":true},"in2DMode":false,"pivot":{"x":14.941926002502442,"y":64.61884307861328,"z":35.607242584228519},"rotation":{"x":-0.07780291885137558,"y":0.05499913915991783,"z":-0.004296344239264727,"w":-0.9954481720924377},"size":122.81169128417969,"orthographic":false}